category,filename,n,median_time,mean_time,std_time,median_comparisons,median_swaps,correctness_rate
sorted,sorted_100.txt,100.0,0.0,0.0,0.0,678.0,98.0,1.0
sorted,sorted_1000.txt,1000.0,0.0,0.0,0.0,11128.5,1007.0,1.0
sorted,sorted_10000.txt,10000.0,0.0,0.0,0.0,157983.0,9981.0,1.0
sorted,sorted_100000.txt,100000.0,2.0,2.3,0.7326950970650465,2030743.5,100021.0,1.0
sorted,sorted_2000.txt,2000.0,0.0,0.0,0.0,24910.5,1994.0,1.0
sorted,sorted_20000.txt,20000.0,0.0,0.05,0.22360679774997896,339552.5,20006.0,1.0
sorted,sorted_5000.txt,5000.0,0.0,0.0,0.0,72460.0,4982.0,1.0
sorted,sorted_50000.txt,50000.0,1.0,1.12,0.3265986323710904,936768.5,50011.0,1.0
